{
    "swagger": "2.0",
    "info": {
        "contact": {}
    },
    "paths": {
        "/bought": {
            "get": {
                "security": [
                    {
                        "ApiKeyAuth": []
                    }
                ],
                "description": "it will Get Bought Of User",
                "tags": [
                    "BOUGHT"
                ],
                "summary": "Get Bought Of User",
                "responses": {
                    "200": {
                        "description": "message",
                        "schema": {
                            "type": "string"
                        }
                    },
                    "401": {
                        "description": "Invalid token",
                        "schema": {
                            "type": "string"
                        }
                    },
                    "500": {
                        "description": "Server error",
                        "schema": {
                            "type": "string"
                        }
                    }
                }
            }
        },
        "/bought/{product_id}": {
            "get": {
                "security": [
                    {
                        "ApiKeyAuth": []
                    }
                ],
                "description": "it will Get Bought",
                "tags": [
                    "BOUGHT"
                ],
                "summary": "Get Bought",
                "parameters": [
                    {
                        "type": "string",
                        "description": "product_id",
                        "name": "product_id",
                        "in": "path",
                        "required": true
                    }
                ],
                "responses": {
                    "200": {
                        "description": "message",
                        "schema": {
                            "type": "string"
                        }
                    },
                    "400": {
                        "description": "Invalid data",
                        "schema": {
                            "type": "string"
                        }
                    },
                    "500": {
                        "description": "Server error",
                        "schema": {
                            "type": "string"
                        }
                    }
                }
            }
        },
        "/cards": {
            "get": {
                "security": [
                    {
                        "ApiKeyAuth": []
                    }
                ],
                "description": "it will Get User Cards",
                "tags": [
                    "CARDS"
                ],
                "summary": "Get User Cards",
                "responses": {
                    "200": {
                        "description": "OK",
                        "schema": {
                            "$ref": "#/definitions/user.GetCardsOfUserRes"
                        }
                    },
                    "401": {
                        "description": "Invalid token",
                        "schema": {
                            "type": "string"
                        }
                    },
                    "500": {
                        "description": "Server error",
                        "schema": {
                            "type": "string"
                        }
                    }
                }
            },
            "post": {
                "security": [
                    {
                        "ApiKeyAuth": []
                    }
                ],
                "description": "it will Create Cards",
                "tags": [
                    "CARDS"
                ],
                "summary": "Create Cards",
                "parameters": [
                    {
                        "description": "info",
                        "name": "info",
                        "in": "body",
                        "required": true,
                        "schema": {
                            "$ref": "#/definitions/models.CardRequest"
                        }
                    }
                ],
                "responses": {
                    "200": {
                        "description": "OK",
                        "schema": {
                            "$ref": "#/definitions/user.CreateCardRes"
                        }
                    },
                    "400": {
                        "description": "Invalid data",
                        "schema": {
                            "type": "string"
                        }
                    },
                    "401": {
                        "description": "Invalid token",
                        "schema": {
                            "type": "string"
                        }
                    },
                    "500": {
                        "description": "Server error",
                        "schema": {
                            "type": "string"
                        }
                    }
                }
            }
        },
        "/cards/amount/{card_number}": {
            "get": {
                "security": [
                    {
                        "ApiKeyAuth": []
                    }
                ],
                "description": "it will Get Amount Of User Card",
                "tags": [
                    "CARDS"
                ],
                "summary": "Get Amount Of User Card",
                "parameters": [
                    {
                        "type": "string",
                        "description": "card_number",
                        "name": "card_number",
                        "in": "path",
                        "required": true
                    }
                ],
                "responses": {
                    "200": {
                        "description": "OK",
                        "schema": {
                            "$ref": "#/definitions/user.GetCardsOfUserRes"
                        }
                    },
                    "400": {
                        "description": "Invalid data",
                        "schema": {
                            "type": "string"
                        }
                    },
                    "500": {
                        "description": "Server error",
                        "schema": {
                            "type": "string"
                        }
                    }
                }
            }
        },
        "/cards/{card_number}": {
            "delete": {
                "security": [
                    {
                        "ApiKeyAuth": []
                    }
                ],
                "description": "it will Delete Card",
                "tags": [
                    "CARDS"
                ],
                "parameters": [
                    {
                        "type": "string",
                        "description": "card_number",
                        "name": "card_number",
                        "in": "path",
                        "required": true
                    }
                ],
                "responses": {
                    "200": {
                        "description": "message",
                        "schema": {
                            "type": "string"
                        }
                    },
                    "400": {
                        "description": "Invalid data",
                        "schema": {
                            "type": "string"
                        }
                    },
                    "500": {
                        "description": "Server error",
                        "schema": {
                            "type": "string"
                        }
                    }
                }
            }
        },
        "/feedback": {
            "get": {
                "security": [
                    {
                        "ApiKeyAuth": []
                    }
                ],
                "description": "it will Get Feedback Of User",
                "tags": [
                    "FEEDBACK"
                ],
                "summary": "Get Feedback Of User",
                "responses": {
                    "200": {
                        "description": "OK",
                        "schema": {
                            "$ref": "#/definitions/sale.GetProductByIdResponse"
                        }
                    },
                    "401": {
                        "description": "Invalid token",
                        "schema": {
                            "type": "string"
                        }
                    },
                    "500": {
                        "description": "Server error",
                        "schema": {
                            "type": "string"
                        }
                    }
                }
            }
        },
        "/feedback/{product_id}": {
            "get": {
                "security": [
                    {
                        "ApiKeyAuth": []
                    }
                ],
                "description": "it will Get Feedback",
                "tags": [
                    "FEEDBACK"
                ],
                "summary": "Get Feedback",
                "parameters": [
                    {
                        "type": "string",
                        "description": "product_id",
                        "name": "product_id",
                        "in": "path",
                        "required": true
                    }
                ],
                "responses": {
                    "200": {
                        "description": "OK",
                        "schema": {
                            "$ref": "#/definitions/sale.GetProductByIdResponse"
                        }
                    },
                    "400": {
                        "description": "Invalid data",
                        "schema": {
                            "type": "string"
                        }
                    },
                    "404": {
                        "description": "not found",
                        "schema": {
                            "type": "string"
                        }
                    },
                    "500": {
                        "description": "Server error",
                        "schema": {
                            "type": "string"
                        }
                    }
                }
            },
            "post": {
                "security": [
                    {
                        "ApiKeyAuth": []
                    }
                ],
                "description": "it will Create Feedback",
                "tags": [
                    "FEEDBACK"
                ],
                "summary": "Create Feedback",
                "parameters": [
                    {
                        "type": "string",
                        "description": "product_id",
                        "name": "product_id",
                        "in": "path",
                        "required": true
                    },
                    {
                        "description": "info",
                        "name": "info",
                        "in": "body",
                        "required": true,
                        "schema": {
                            "$ref": "#/definitions/models.CreateFeedback"
                        }
                    }
                ],
                "responses": {
                    "200": {
                        "description": "OK",
                        "schema": {
                            "$ref": "#/definitions/sale.GetProductByIdResponse"
                        }
                    },
                    "400": {
                        "description": "Invalid data",
                        "schema": {
                            "type": "string"
                        }
                    },
                    "401": {
                        "description": "Invalid token",
                        "schema": {
                            "type": "string"
                        }
                    },
                    "404": {
                        "description": "not found",
                        "schema": {
                            "type": "string"
                        }
                    },
                    "500": {
                        "description": "Server error",
                        "schema": {
                            "type": "string"
                        }
                    }
                }
            }
        },
        "/notifications/all": {
            "get": {
                "security": [
                    {
                        "ApiKeyAuth": []
                    }
                ],
                "description": "it will Get All Notifications",
                "tags": [
                    "NOTIFICATION"
                ],
                "summary": "Get All Notifications",
                "responses": {
                    "200": {
                        "description": "message",
                        "schema": {
                            "type": "string"
                        }
                    },
                    "401": {
                        "description": "Invalid token",
                        "schema": {
                            "type": "string"
                        }
                    },
                    "500": {
                        "description": "Server error",
                        "schema": {
                            "type": "string"
                        }
                    }
                }
            }
        },
        "/notifications/unreaden": {
            "get": {
                "security": [
                    {
                        "ApiKeyAuth": []
                    }
                ],
                "description": "it will Get And Mark Notification As Read",
                "tags": [
                    "NOTIFICATION"
                ],
                "summary": "Get And Mark Notification As Read",
                "responses": {
                    "200": {
                        "description": "message",
                        "schema": {
                            "type": "string"
                        }
                    },
                    "401": {
                        "description": "Invalid token",
                        "schema": {
                            "type": "string"
                        }
                    },
                    "500": {
                        "description": "Server error",
                        "schema": {
                            "type": "string"
                        }
                    }
                }
            }
        },
        "/process": {
            "get": {
                "security": [
                    {
                        "ApiKeyAuth": []
                    }
                ],
                "description": "Get Process By User Id",
                "tags": [
                    "PROCESS"
                ],
                "responses": {
                    "200": {
                        "description": "OK",
                        "schema": {
                            "$ref": "#/definitions/sale.GetProcessByUserIdResponse"
                        }
                    },
                    "401": {
                        "description": "Invalid token",
                        "schema": {
                            "type": "string"
                        }
                    },
                    "500": {
                        "description": "Server error",
                        "schema": {
                            "type": "string"
                        }
                    }
                }
            }
        },
        "/process/buy": {
            "post": {
                "security": [
                    {
                        "ApiKeyAuth": []
                    }
                ],
                "description": "it will Create Process",
                "tags": [
                    "PROCESS"
                ],
                "parameters": [
                    {
                        "description": "info",
                        "name": "info",
                        "in": "body",
                        "required": true,
                        "schema": {
                            "$ref": "#/definitions/models.CreateProcessReq"
                        }
                    }
                ],
                "responses": {
                    "200": {
                        "description": "OK",
                        "schema": {
                            "$ref": "#/definitions/sale.ProcessResponse"
                        }
                    },
                    "400": {
                        "description": "Invalid data",
                        "schema": {
                            "type": "string"
                        }
                    },
                    "401": {
                        "description": "Invalid token",
                        "schema": {
                            "type": "string"
                        }
                    },
                    "404": {
                        "description": "Invalid data",
                        "schema": {
                            "type": "string"
                        }
                    },
                    "500": {
                        "description": "Server error",
                        "schema": {
                            "type": "string"
                        }
                    }
                }
            }
        },
        "/process/products/{product_id}": {
            "get": {
                "security": [
                    {
                        "ApiKeyAuth": []
                    }
                ],
                "description": "Get Process By Product Id",
                "tags": [
                    "PROCESS"
                ],
                "parameters": [
                    {
                        "type": "string",
                        "description": "product_id",
                        "name": "product_id",
                        "in": "path",
                        "required": true
                    }
                ],
                "responses": {
                    "200": {
                        "description": "OK",
                        "schema": {
                            "$ref": "#/definitions/sale.GetProcessByProductIdResponse"
                        }
                    },
                    "400": {
                        "description": "Invalid data",
                        "schema": {
                            "type": "string"
                        }
                    },
                    "404": {
                        "description": "not found",
                        "schema": {
                            "type": "string"
                        }
                    },
                    "500": {
                        "description": "Server error",
                        "schema": {
                            "type": "string"
                        }
                    }
                }
            }
        },
        "/process/user/{product_id}/{user_id}": {
            "get": {
                "security": [
                    {
                        "ApiKeyAuth": []
                    }
                ],
                "description": "Get Process Of User By Product Id",
                "tags": [
                    "PROCESS"
                ],
                "parameters": [
                    {
                        "type": "string",
                        "description": "product_id",
                        "name": "product_id",
                        "in": "path",
                        "required": true
                    },
                    {
                        "type": "string",
                        "description": "user_id",
                        "name": "user_id",
                        "in": "path",
                        "required": true
                    }
                ],
                "responses": {
                    "200": {
                        "description": "OK",
                        "schema": {
                            "$ref": "#/definitions/sale.GetProcessOfUserByProductIdResponse"
                        }
                    },
                    "400": {
                        "description": "Invalid data",
                        "schema": {
                            "type": "string"
                        }
                    },
                    "404": {
                        "description": "not found",
                        "schema": {
                            "type": "string"
                        }
                    },
                    "500": {
                        "description": "Server error",
                        "schema": {
                            "type": "string"
                        }
                    }
                }
            }
        },
        "/process/{id}": {
            "get": {
                "security": [
                    {
                        "ApiKeyAuth": []
                    }
                ],
                "description": "Get Process By Id",
                "tags": [
                    "PROCESS"
                ],
                "parameters": [
                    {
                        "type": "string",
                        "description": "id",
                        "name": "id",
                        "in": "path",
                        "required": true
                    }
                ],
                "responses": {
                    "200": {
                        "description": "OK",
                        "schema": {
                            "$ref": "#/definitions/sale.GetProcessByIdResponse"
                        }
                    },
                    "400": {
                        "description": "Invalid data",
                        "schema": {
                            "type": "string"
                        }
                    },
                    "500": {
                        "description": "Server error",
                        "schema": {
                            "type": "string"
                        }
                    }
                }
            },
            "put": {
                "security": [
                    {
                        "ApiKeyAuth": []
                    }
                ],
                "description": "Update Process",
                "tags": [
                    "PROCESS"
                ],
                "parameters": [
                    {
                        "type": "string",
                        "description": "id",
                        "name": "id",
                        "in": "path",
                        "required": true
                    },
                    {
                        "description": "info",
                        "name": "info",
                        "in": "body",
                        "required": true,
                        "schema": {
                            "$ref": "#/definitions/models.UpdateProcessReq"
                        }
                    }
                ],
                "responses": {
                    "200": {
                        "description": "success",
                        "schema": {
                            "type": "string"
                        }
                    },
                    "400": {
                        "description": "Invalid data",
                        "schema": {
                            "type": "string"
                        }
                    },
                    "500": {
                        "description": "Server error",
                        "schema": {
                            "type": "string"
                        }
                    }
                }
            },
            "delete": {
                "security": [
                    {
                        "ApiKeyAuth": []
                    }
                ],
                "description": "Cancel Process",
                "tags": [
                    "PROCESS"
                ],
                "parameters": [
                    {
                        "type": "string",
                        "description": "id",
                        "name": "id",
                        "in": "path",
                        "required": true
                    }
                ],
                "responses": {
                    "200": {
                        "description": "success",
                        "schema": {
                            "type": "string"
                        }
                    },
                    "400": {
                        "description": "Invalid data",
                        "schema": {
                            "type": "string"
                        }
                    },
                    "500": {
                        "description": "Server error",
                        "schema": {
                            "type": "string"
                        }
                    }
                }
            }
        },
        "/products": {
            "get": {
                "security": [
                    {
                        "ApiKeyAuth": []
                    }
                ],
                "description": "it will Get Seller Products",
                "tags": [
                    "PRODUCTS"
                ],
                "summary": "Get Seller Products",
                "responses": {
                    "200": {
                        "description": "OK",
                        "schema": {
                            "$ref": "#/definitions/sale.GetProductsByUserIdResponse"
                        }
                    },
                    "400": {
                        "description": "Invalid data",
                        "schema": {
                            "type": "string"
                        }
                    },
                    "401": {
                        "description": "Invalid token",
                        "schema": {
                            "type": "string"
                        }
                    },
                    "500": {
                        "description": "Server error",
                        "schema": {
                            "type": "string"
                        }
                    }
                }
            },
            "post": {
                "security": [
                    {
                        "ApiKeyAuth": []
                    }
                ],
                "description": "it will Create Product",
                "tags": [
                    "PRODUCTS"
                ],
                "summary": "Create Product",
                "parameters": [
                    {
                        "description": "info",
                        "name": "info",
                        "in": "body",
                        "required": true,
                        "schema": {
                            "$ref": "#/definitions/models.CreateProductRequest"
                        }
                    }
                ],
                "responses": {
                    "200": {
                        "description": "OK",
                        "schema": {
                            "$ref": "#/definitions/sale.ProductId"
                        }
                    },
                    "400": {
                        "description": "Invalid data",
                        "schema": {
                            "type": "string"
                        }
                    },
                    "401": {
                        "description": "Invalid token",
                        "schema": {
                            "type": "string"
                        }
                    },
                    "500": {
                        "description": "Server error",
                        "schema": {
                            "type": "string"
                        }
                    }
                }
            }
        },
        "/products/limit/{product_id}": {
            "put": {
                "security": [
                    {
                        "ApiKeyAuth": []
                    }
                ],
                "description": "Update Limit Of Product",
                "tags": [
                    "PRODUCTS"
                ],
                "summary": "UpdateLimitOfProduct",
                "parameters": [
                    {
                        "type": "string",
                        "description": "product_id",
                        "name": "product_id",
                        "in": "path",
                        "required": true
                    },
                    {
                        "description": "info",
                        "name": "info",
                        "in": "body",
                        "required": true,
                        "schema": {
                            "$ref": "#/definitions/models.LimitOfProductRequest"
                        }
                    }
                ],
                "responses": {
                    "200": {
                        "description": "OK",
                        "schema": {
                            "type": "string"
                        }
                    },
                    "400": {
                        "description": "Bad Request",
                        "schema": {
                            "type": "string"
                        }
                    },
                    "500": {
                        "description": "Internal Server Error",
                        "schema": {
                            "type": "string"
                        }
                    }
                }
            }
        },
        "/products/list": {
            "post": {
                "security": [
                    {
                        "ApiKeyAuth": []
                    }
                ],
                "description": "it will Get Products List",
                "tags": [
                    "PRODUCTS"
                ],
                "summary": "Get Products List",
                "parameters": [
                    {
                        "type": "string",
                        "description": "limit",
                        "name": "limit",
                        "in": "query"
                    },
                    {
                        "type": "string",
                        "description": "offset",
                        "name": "offset",
                        "in": "query"
                    },
                    {
                        "description": "info",
                        "name": "info",
                        "in": "body",
                        "required": true,
                        "schema": {
                            "$ref": "#/definitions/models.GetProductReq"
                        }
                    }
                ],
                "responses": {
                    "200": {
                        "description": "OK",
                        "schema": {
                            "$ref": "#/definitions/sale.GetProductResponse"
                        }
                    },
                    "400": {
                        "description": "Invalid data",
                        "schema": {
                            "type": "string"
                        }
                    },
                    "404": {
                        "description": "Invalid user",
                        "schema": {
                            "type": "string"
                        }
                    },
                    "500": {
                        "description": "Server error",
                        "schema": {
                            "type": "string"
                        }
                    }
                }
            }
        },
        "/products/photo/{product_id}": {
            "post": {
                "security": [
                    {
                        "ApiKeyAuth": []
                    }
                ],
                "description": "Upload Product Photo",
                "consumes": [
                    "multipart/form-data"
                ],
                "tags": [
                    "PRODUCTS"
                ],
                "summary": "UploadProductPhoto",
                "parameters": [
                    {
                        "type": "string",
                        "description": "product_id",
                        "name": "product_id",
                        "in": "path",
                        "required": true
                    },
                    {
                        "type": "file",
                        "description": "UploadMediaForm",
                        "name": "file",
                        "in": "formData",
                        "required": true
                    }
                ],
                "responses": {
                    "200": {
                        "description": "OK",
                        "schema": {
                            "type": "string"
                        }
                    },
                    "400": {
                        "description": "Bad Request",
                        "schema": {
                            "type": "string"
                        }
                    },
                    "500": {
                        "description": "Internal Server Error",
                        "schema": {
                            "type": "string"
                        }
                    }
                }
            },
            "delete": {
                "security": [
                    {
                        "ApiKeyAuth": []
                    }
                ],
                "description": "Delete Product Photo",
                "tags": [
                    "PRODUCTS"
                ],
                "summary": "DeleteProductPhoto",
                "parameters": [
                    {
                        "type": "string",
                        "description": "product_id",
                        "name": "product_id",
                        "in": "path",
                        "required": true
                    },
                    {
                        "type": "string",
                        "description": "url",
                        "name": "url",
                        "in": "query"
                    }
                ],
                "responses": {
                    "200": {
                        "description": "OK",
                        "schema": {
                            "type": "string"
                        }
                    },
                    "400": {
                        "description": "Bad Request",
                        "schema": {
                            "type": "string"
                        }
                    },
                    "500": {
                        "description": "Internal Server Error",
                        "schema": {
                            "type": "string"
                        }
                    }
                }
            }
        },
        "/products/{id}": {
            "get": {
                "security": [
                    {
                        "ApiKeyAuth": []
                    }
                ],
                "description": "it will Get Product By ID",
                "tags": [
                    "PRODUCTS"
                ],
                "summary": "Get Product By ID",
                "parameters": [
                    {
                        "type": "string",
                        "description": "id",
                        "name": "id",
                        "in": "path",
                        "required": true
                    }
                ],
                "responses": {
                    "200": {
                        "description": "OK",
                        "schema": {
                            "$ref": "#/definitions/sale.GetProductByIdResponse"
                        }
                    },
                    "400": {
                        "description": "Invalid data",
                        "schema": {
                            "type": "string"
                        }
                    },
                    "500": {
                        "description": "Server error",
                        "schema": {
                            "type": "string"
                        }
                    }
                }
            },
            "put": {
                "security": [
                    {
                        "ApiKeyAuth": []
                    }
                ],
                "description": "it will Update Product",
                "tags": [
                    "PRODUCTS"
                ],
                "summary": "Update Product",
                "parameters": [
                    {
                        "type": "string",
                        "description": "id",
                        "name": "id",
                        "in": "path",
                        "required": true
                    },
                    {
                        "description": "info",
                        "name": "info",
                        "in": "body",
                        "required": true,
                        "schema": {
                            "$ref": "#/definitions/models.UpdateProductRequest"
                        }
                    }
                ],
                "responses": {
                    "200": {
                        "description": "message",
                        "schema": {
                            "type": "string"
                        }
                    },
                    "400": {
                        "description": "Invalid data",
                        "schema": {
                            "type": "string"
                        }
                    },
                    "500": {
                        "description": "Server error",
                        "schema": {
                            "type": "string"
                        }
                    }
                }
            },
            "delete": {
                "security": [
                    {
                        "ApiKeyAuth": []
                    }
                ],
                "description": "it will Delete Product",
                "tags": [
                    "PRODUCTS"
                ],
                "summary": "Delete Product",
                "parameters": [
                    {
                        "type": "string",
                        "description": "id",
                        "name": "id",
                        "in": "path",
                        "required": true
                    }
                ],
                "responses": {
                    "200": {
                        "description": "message",
                        "schema": {
                            "type": "string"
                        }
                    },
                    "400": {
                        "description": "Invalid data",
                        "schema": {
                            "type": "string"
                        }
                    },
                    "500": {
                        "description": "Server error",
                        "schema": {
                            "type": "string"
                        }
                    }
                }
            }
        },
        "/wishlist": {
            "get": {
                "security": [
                    {
                        "ApiKeyAuth": []
                    }
                ],
                "description": "Get Wish list",
                "tags": [
                    "WISHLIST"
                ],
                "responses": {
                    "200": {
                        "description": "OK",
                        "schema": {
                            "$ref": "#/definitions/models.WishListRes"
                        }
                    },
                    "401": {
                        "description": "Invalid token",
                        "schema": {
                            "type": "string"
                        }
                    },
                    "500": {
                        "description": "Server error",
                        "schema": {
                            "type": "string"
                        }
                    }
                }
            }
        },
        "/wishlist/{id}": {
            "get": {
                "security": [
                    {
                        "ApiKeyAuth": []
                    }
                ],
                "description": "Get Wish list By Id",
                "tags": [
                    "WISHLIST"
                ],
                "parameters": [
                    {
                        "type": "string",
                        "description": "id",
                        "name": "id",
                        "in": "path",
                        "required": true
                    }
                ],
                "responses": {
                    "200": {
                        "description": "OK",
                        "schema": {
                            "$ref": "#/definitions/sale.WishlistResponse"
                        }
                    },
                    "400": {
                        "description": "Invalid data",
                        "schema": {
                            "type": "string"
                        }
                    },
                    "500": {
                        "description": "Server error",
                        "schema": {
                            "type": "string"
                        }
                    }
                }
            }
        },
        "/wishlist/{product_id}": {
            "post": {
                "security": [
                    {
                        "ApiKeyAuth": []
                    }
                ],
                "description": "Create Wish list",
                "tags": [
                    "WISHLIST"
                ],
                "parameters": [
                    {
                        "type": "string",
                        "description": "product_id",
                        "name": "product_id",
                        "in": "path",
                        "required": true
                    }
                ],
                "responses": {
                    "200": {
                        "description": "OK",
                        "schema": {
                            "$ref": "#/definitions/sale.WishlistResponse"
                        }
                    },
                    "400": {
                        "description": "Invalid data",
                        "schema": {
                            "type": "string"
                        }
                    },
                    "401": {
                        "description": "Invalid token",
                        "schema": {
                            "type": "string"
                        }
                    },
                    "500": {
                        "description": "Server error",
                        "schema": {
                            "type": "string"
                        }
                    }
                }
            }
        }
    },
    "definitions": {
        "models.CardRequest": {
            "type": "object",
            "required": [
                "card_number",
                "ccv",
                "expiration_date"
            ],
            "properties": {
                "card_number": {
                    "type": "string"
                },
                "ccv": {
                    "type": "string"
                },
                "expiration_date": {
                    "type": "string"
                }
            }
        },
        "models.CreateFeedback": {
            "type": "object",
            "required": [
                "description",
                "rating"
            ],
            "properties": {
                "description": {
                    "type": "string"
                },
                "rating": {
                    "type": "integer"
                }
            }
        },
        "models.CreateProcessReq": {
            "type": "object",
            "required": [
                "amount",
                "card_number",
                "product_id"
            ],
            "properties": {
                "amount": {
                    "type": "integer"
                },
                "card_number": {
                    "type": "string"
                },
                "product_id": {
                    "type": "string"
                }
            }
        },
        "models.CreateProductRequest": {
            "type": "object",
            "required": [
                "description",
                "end_date",
                "limit_of_product",
                "name",
                "price_without_stock",
                "start_date",
                "stock"
            ],
            "properties": {
                "color": {
                    "type": "array",
                    "items": {
                        "type": "string"
                    }
                },
                "description": {
                    "type": "string"
                },
                "end_date": {
                    "type": "string"
                },
                "limit_of_product": {
                    "type": "integer"
                },
                "name": {
                    "type": "string"
                },
                "price_without_stock": {
                    "type": "number"
                },
                "size": {
                    "type": "array",
                    "items": {
                        "type": "string"
                    }
                },
                "start_date": {
                    "type": "string"
                },
                "stock": {
                    "type": "integer"
                }
            }
        },
        "models.GetProductReq": {
            "type": "object",
            "properties": {
                "max_price": {
                    "type": "number"
                },
                "min_price": {
                    "type": "number"
                },
                "name": {
                    "type": "string"
                },
                "seller_id": {
                    "type": "string"
                },
                "stock": {
                    "type": "integer"
                }
            }
        },
        "models.LimitOfProductRequest": {
            "type": "object",
            "required": [
                "limit_of_product"
            ],
            "properties": {
                "limit_of_product": {
                    "type": "integer"
                }
            }
        },
        "models.UpdateProcessReq": {
            "type": "object",
            "required": [
                "status"
            ],
            "properties": {
                "status": {
                    "type": "string"
                }
            }
        },
        "models.UpdateProductRequest": {
            "type": "object",
            "properties": {
                "color": {
                    "type": "array",
                    "items": {
                        "type": "string"
                    }
                },
                "description": {
                    "type": "string"
                },
                "end_date": {
                    "type": "string"
                },
                "name": {
                    "type": "string"
                },
                "price_without_stock": {
                    "type": "number"
                },
                "size": {
                    "type": "array",
                    "items": {
                        "type": "string"
                    }
                },
                "start_date": {
                    "type": "string"
                },
                "stock": {
                    "type": "integer"
                }
            }
        },
        "models.WishList": {
            "type": "object",
            "properties": {
                "color": {
                    "type": "array",
                    "items": {
                        "type": "string"
                    }
                },
                "description": {
                    "type": "string"
                },
                "end_date": {
                    "type": "string"
                },
                "id": {
                    "type": "string"
                },
                "limit_of_product": {
                    "type": "integer"
                },
                "photo_url": {
                    "type": "array",
                    "items": {
                        "type": "string"
                    }
                },
                "price": {
                    "type": "number"
                },
                "price_without_stock": {
                    "type": "number"
                },
                "product_id": {
                    "type": "string"
                },
                "product_name": {
                    "type": "string"
                },
                "seller_id": {
                    "type": "string"
                },
                "size": {
                    "type": "array",
                    "items": {
                        "type": "string"
                    }
                },
                "start_date": {
                    "type": "string"
                },
                "stock": {
                    "type": "integer"
                }
            }
        },
        "models.WishListRes": {
            "type": "object",
            "properties": {
                "user_id": {
                    "type": "string"
                },
                "wish_list": {
                    "type": "array",
                    "items": {
                        "$ref": "#/definitions/models.WishList"
                    }
                }
            }
        },
        "sale.GetProcessByIdResponse": {
            "type": "object",
            "properties": {
                "amount": {
                    "type": "integer"
                },
                "id": {
                    "type": "string"
                },
                "product_id": {
                    "type": "string"
                },
                "status": {
                    "type": "string"
                },
                "user_id": {
                    "type": "string"
                }
            }
        },
        "sale.GetProcessByProductIdResponse": {
            "type": "object",
            "properties": {
                "processes": {
                    "type": "array",
                    "items": {
                        "$ref": "#/definitions/sale.Processes"
                    }
                }
            }
        },
        "sale.GetProcessByUserIdResponse": {
            "type": "object",
            "properties": {
                "processes": {
                    "type": "array",
                    "items": {
                        "$ref": "#/definitions/sale.Processes"
                    }
                }
            }
        },
        "sale.GetProcessOfUserByProductIdResponse": {
            "type": "object",
            "properties": {
                "processes": {
                    "type": "array",
                    "items": {
                        "$ref": "#/definitions/sale.Processes"
                    }
                }
            }
        },
        "sale.GetProductByIdResponse": {
            "type": "object",
            "properties": {
                "color": {
                    "type": "array",
                    "items": {
                        "type": "string"
                    }
                },
                "description": {
                    "type": "string"
                },
                "end_date": {
                    "type": "string"
                },
                "id": {
                    "type": "string"
                },
                "limit_of_product": {
                    "type": "integer"
                },
                "name": {
                    "type": "string"
                },
                "photos": {
                    "type": "array",
                    "items": {
                        "type": "string"
                    }
                },
                "price": {
                    "type": "number"
                },
                "price_without_stock": {
                    "type": "number"
                },
                "seller_id": {
                    "type": "string"
                },
                "size": {
                    "type": "array",
                    "items": {
                        "type": "string"
                    }
                },
                "start_date": {
                    "type": "string"
                },
                "stock": {
                    "type": "integer"
                }
            }
        },
        "sale.GetProductResponse": {
            "type": "object",
            "properties": {
                "product": {
                    "type": "array",
                    "items": {
                        "$ref": "#/definitions/sale.Products"
                    }
                },
                "total_count": {
                    "type": "integer"
                }
            }
        },
        "sale.GetProductsByUserIdResponse": {
            "type": "object",
            "properties": {
                "product": {
                    "type": "array",
                    "items": {
                        "$ref": "#/definitions/sale.Products"
                    }
                }
            }
        },
        "sale.ProcessResponse": {
            "type": "object",
            "properties": {
                "id": {
                    "type": "string"
                }
            }
        },
        "sale.Processes": {
            "type": "object",
            "properties": {
                "amount": {
                    "type": "integer"
                },
                "id": {
                    "type": "string"
                },
                "product_id": {
                    "type": "string"
                },
                "status": {
                    "type": "string"
                },
                "user_id": {
                    "type": "string"
                }
            }
        },
        "sale.ProductId": {
            "type": "object",
            "properties": {
                "id": {
                    "type": "string"
                }
            }
        },
        "sale.Products": {
            "type": "object",
            "properties": {
                "color": {
                    "type": "array",
                    "items": {
                        "type": "string"
                    }
                },
                "description": {
                    "type": "string"
                },
                "end_date": {
                    "type": "string"
                },
                "id": {
                    "type": "string"
                },
                "limit_of_product": {
                    "type": "integer"
                },
                "name": {
                    "type": "string"
                },
                "photos": {
                    "type": "array",
                    "items": {
                        "type": "string"
                    }
                },
                "price": {
                    "type": "number"
                },
                "price_without_stock": {
                    "type": "number"
                },
                "seller_id": {
                    "type": "string"
                },
                "size": {
                    "type": "array",
                    "items": {
                        "type": "string"
                    }
                },
                "start_date": {
                    "type": "string"
                },
                "stock": {
                    "type": "integer"
                }
            }
        },
        "sale.WishlistResponse": {
            "type": "object",
            "properties": {
                "id": {
                    "type": "string"
                },
                "product_id": {
                    "type": "string"
                }
            }
        },
        "user.Card": {
            "type": "object",
            "properties": {
                "card_number": {
                    "type": "string"
                },
                "card_type": {
                    "type": "string"
                },
                "expiration_date": {
                    "type": "string"
                },
                "id": {
                    "type": "string"
                },
                "user_id": {
                    "type": "string"
                }
            }
        },
        "user.CreateCardRes": {
            "type": "object",
            "properties": {
                "id": {
                    "type": "string"
                }
            }
        },
        "user.GetCardsOfUserRes": {
            "type": "object",
            "properties": {
                "cards": {
                    "type": "array",
                    "items": {
                        "$ref": "#/definitions/user.Card"
                    }
                }
            }
        }
    },
    "securityDefinitions": {
        "ApiKeyAuth": {
            "description": "API Gateway",
            "type": "apiKey",
            "name": "Authorization",
            "in": "header"
        }
    }
}